Cl_integration,Cl_surface,Cd_surface
0.750945032,0.749839723,0.0588499792
