parameter,fsmach,alpha,Cl_integration,Cl_surface,Cd_surface
0.0,0.23,8.0,1.41335642,1.41529715,0.0850218162
0.0,0.23,9.0,1.60202765,1.60365939,0.115778938
0.0,0.23,10.0,1.82451427,1.82094598,0.179861546
0.0,0.23,11.0,3.83664441,3.73957467,0.86881274
0.0,0.23,12.0,3.67202926,3.56260109,0.90076679
